company_name,sector,stage,amount,amount_usd,announced_on,lead_investor,investors,sources,confidence,summary
Beyond Appliances,,Series B,₹110 Cr ($13.3M),13253012.05,2026-10-06,Fireside Ventures,Dharana Capital | Fireside Ventures,https://yourstory.com/2026/10/beyond-appliances-raises-rs-110-cr-series-b-fireside-ventures,0.85,
Fireside,,Series A,$11.4M,11400000.0,2026-10-06,Fireside Ventures,Dharana Capital | Fireside Ventures,https://entrackr.com/news/fireside-leads-rs-110-cr-series-b-round-in-beyond-appliances-12627573,0.85,
CurvetAI,,Pre-Seed,₹6.0 Cr ($723K),722891.57,2026-10-06,Merak Ventures,Merak Ventures,https://entrackr.com/snippets/curvetai-raises-rs-6-cr-pre-seed-round-led-by-merak-ventures-12627784,0.85,
Refurbished electronics platform ReFit Global,,Seed,$1M,1000000.0,2026-10-06,IndiaQuotient,IndiaQuotient,https://entrackr.com/snippets/refurbished-electronics-platform-refit-global-raises-1-mn-in-seed-round-12627826,0.85,
Quantum,,Pre-Series A,$6.5M,6500000.0,2026-10-05,YourNest,QpiAI | YourNest,https://yourstory.com/2026/10/qpiai-secures-rs-50-cr-debt-financing-from-innoven-capital,0.85,
TVS Automobile Solutions,,Series D,$3.0B,3000000000.0,2026-10-05,CE-Invests,CE-Invests,https://yourstory.com/2026/10/tvs-automobile-solutions-raises-rs-425-cr-uae-investor-expand-mytvs,0.85,
Sales hiring startup Scooter,,Pre-Seed,₹1.5 Cr ($181K),180722.89,2026-10-05,Aviral Bhatnagar,Aviral Bhatnagar,https://entrackr.com/snippets/sales-hiring-startup-scooter-raises-rs-15-cr-pre-seed-round-12624249,0.85,
Exclusive: QpiAI,,Series A,$32M,32000000.0,2026-10-05,Avataar Ventures,Avataar Ventures,https://entrackr.com/exclusive/exclusive-qpiai-raises-rs-50-cr-in-debt-from-innoven-capital-12625901,0.85,
Funding,,Pre-Series A,$411.5M,411460000.0,2026-10-03,IvyCap Ventures,IvyCap Ventures,https://entrackr.com/report/weekly-funding-report-weekly-funding-report/funding-and-acquisitions-in-indian-startups-this-week-sep-28-oct-3-12618694,0.85,
Indian,,Series A,$3.0B,3000000000.0,2026-10-01,Entrackr,Entrackr,https://entrackr.com/report/quarterly-funding-report/indian-startups-raise-29-bn-in-q3-2026-as-ev-ai-drive-funding-12612860,0.85,
EV two-wheeler maker Simple Energy,,Series C,$120M,120000000.0,2026-09-30,,Bengaluru-based HNI Amit Mishra | Simple Energy,https://yourstory.com/2026/09/ev-two-wheeler-maker-simple-energy-bags-rs-1750-cr-funding,0.85,
Funding,,Pre-Series A,$188.5M,188490000.0,2026-09-26,Yali Capital,Walden International | Xeed Ventures | Yali Capital,https://entrackr.com/report/weekly-funding-report-weekly-funding-report/funding-and-acquisitions-in-indian-startups-this-week-sep-21-sep-26-12577542,0.85,
Funding,,Pre-Series A,$61.8M,61800000.0,2026-09-19,QED Investors. The,Claypond Capital | QED Investors. The,https://entrackr.com/report/weekly-funding-report-weekly-funding-report/funding-and-acquisitions-in-indian-startups-this-week-sep-14-sep-19-12551215,0.85,
India’s,,Series A,$317M,317000000.0,2026-09-15,Entrackr,Elevation Capital. Centricity | Entrackr,https://entrackr.com/report/indias-wealthtech-funding-frenzy-continues-in-2026-as-investment-crosses-300-mn-12534011,0.85,
Kinetic Age,,Undisclosed,₹2.5 Cr ($301K),301204.82,2026-10-06,AJVC,AJVC,https://entrackr.com/snippets/kinetic-age-raises-250k-from-ajvc-agrasar-ventures-12627734,0.8,
Medical tourism startup CureMeAbroad,,Pre-Seed,$1.1M,1100000.0,2026-10-06,,,https://entrackr.com/snippets/medical-tourism-startup-curemeabroad-raises-11-mn-in-pre-seed-funding-12628366,0.8,
IAN Angel Fund,,Undisclosed,₹5.0 Cr ($602K),602409.64,2026-10-06,IAN Angel. Snippets Follow Us,IAN Angel. Snippets Follow Us,https://entrackr.com/snippets/ian-angel-fund-leads-rs-5-cr-round-in-deeptech-textile-startup-indigotex-12628381,0.8,
Indifi,,Debt,₹371 Cr ($44.7M),44710843.37,2026-10-05,,,https://entrackr.com/fintrackr/indifi-posts-rs-371-cr-revenue-in-fy26-turns-profitable-12624850,0.8,
Marico,,Acquisition,₹592 Cr ($71.3M),71325301.2,2026-10-05,,,https://entrackr.com/news/marico-acquires-2409-additional-stake-in-plix-parent-for-rs-1012-cr-12626990,0.8,
Nykaa,,Acquisition,₹2782 Cr ($335.2M),335180722.89,2026-10-04,,,https://entrackr.com/news/nykaa-expects-around-30-gmv-growth-in-q2-fy27-12623169,0.8,
Seeds Fincap,,Series B,₹100 Cr ($12M),12048192.77,2026-10-01,,,https://yourstory.com/2026/10/seeds-fincap-rs-100-cr-series-b-round-michael-susan-dell-foundation,0.8,
Kuku,,IPO,₹1105 Cr ($133.1M),133132530.12,2026-10-01,,,https://entrackr.com/fintrackr/kuku-clocks-rs-1484-cr-revenue-and-rs-89-cr-pbt-in-fy26-splurges-rs-1100-cr-on-marketing-12613298,0.8,
Home interiors startup Gravity,,Undisclosed,$15M,15000000.0,2026-09-30,,Alteria Capital,https://yourstory.com/2026/09/home-interiors-startup-gravity-raises-15-million-led-by-3one4-capital-and-info-edge-ventures,0.8,
Linux Laboratories,,Acquisition,$70M,70000000.0,2026-09-30,,,https://yourstory.com/2026/09/linux-laboratories-70-million-chryscapital-tata-capital-healthcare-fund,0.8,
Netmeds,,Acquisition,₹5.5 Cr ($663K),662650.6,2026-09-30,,,https://entrackr.com/fintrackr/netmeds-posts-flat-revenue-at-rs-45-cr-in-fy26-remains-profitable-12593652,0.8,
India’s,,Acquisition,₹243 Cr ($29.3M),29277108.43,2026-09-29,,,https://entrackr.com/fintrackr/bewakoofs-revenue-jumps-40-to-rs-243-cr-in-fy26-losses-rise-19-12589732,0.8,
VC,,Undisclosed,$100M,100000000.0,2026-10-05,,,https://yourstory.com/2026/10/vc-funding-in-september-dips-year-on-year,0.6,
India’s,,Undisclosed,₹96 Cr ($11.5M),11540963.86,2026-10-05,,,https://entrackr.com/news/physicswallahs-finz-sells-rs-958-cr-loan-book-to-auxilo-12625624,0.6,
Teachmint,,Undisclosed,₹200 Cr ($24.1M),24096385.54,2026-10-01,,,https://entrackr.com/fintrackr/teachmint-revenue-jumps-28x-to-rs-205-cr-in-fy26-12612591,0.6,
WillJini,,Undisclosed,$3.5M,3500000.0,2026-09-30,,,https://yourstory.com/2026/09/willjini-raises-first-round-35m-valuation-without-pitching-single-vc,0.6,
TDB,,Undisclosed,₹1 L ($1K),1204.82,2026-09-30,,,https://yourstory.com/2026/09/tdb-22-projects-rs-1-lakh-cr-rdi-fund-industrialist-sudhir-mehta,0.6,
500 Cr,,Undisclosed,,,2026-10-04,,,https://yourstory.com/2026/10/paniit-500-cr-deeptech-fund-targets-25-andhra-startups-by-2030,0.4,
